"","day.number","day.dry.number","day.wet.number","day.mix.number","day.max.wet","day.min.wet","day.max.dry","day.min.dry","day.mean.dry","day.med.dry","day.mean.wet","day.med.wet","day.date","median.value","mean.value","median.value.between","n.dry","day.prop.wet","mean.value.day","mean.value.night","date"
"1","1","24","24","24","13","1","5","1","2.375","2","5.28571428571429","5","39986","0","0",NA,"144","0","0","0","2009-06-24"
"2","2","24","24","24","7","1","42","1","11.4444444444444","3","3.4","3","39987","0","0",NA,"144","0","0","0","2009-06-25"
"3","3","36","36","36","17","1","51","1","8.6","2","3.7","1.5","39988","0","0",NA,"144","0","0","0","2009-06-26"
"4","4","29","29","29","28","1","55","1","7.72727272727273","2","7.16666666666667","2.5","39989","0","0",NA,"144","0","0","0","2009-06-27"
"5","5","30","30","30","25","1","21","1","6.6","1.5","8.85714285714286","3","39990","0","0",NA,"144","0","0","0","2009-06-28"
"6","6","36","36","36","5","1","67","1","10.7142857142857","5.5","2.42857142857143","2","39991","0","0",NA,"144","0","0","0","2009-06-29"
"7","7","43","43","43","8","1","15","1","3.35714285714286","2","1.83333333333333","1","39992","0","0",NA,"144","0","0","0","2009-06-30"
"8","8","42","42","42","8","1","48","1","8.66666666666667","1","2.5","2","39993","0","0",NA,"144","0","0","0","2009-07-01"
"9","9","40","40","40","7","1","27","1","7.25","4","3.08333333333333","2.5","39994","0","0",NA,"144","0","0","0","2009-07-02"
"10","10","39","39","39","3","1","24","1","7.84615384615385","5","1.375","1","39995","0","0",NA,"144","0","0","0","2009-07-03"
"11","11","36","36","36","32","1","35","1","6.15384615384615","3","6.125","2.5","39996","0","0",NA,"144","0","0","0","2009-07-04"
"12","12","37","37","37","5","1","28","1","7.5","4.5","2.6","2.5","39997","0","0",NA,"144","0","0","0","2009-07-05"
"13","13","52","52","52","6","1","11","1","4.47058823529412","4","2.53846153846154","1","39998","0","0",NA,"144","0","0","0","2009-07-06"
"14","14","60","60","60","5","1","14","1","4.625","4","1.94444444444444","2","39999","0","0",NA,"144","0","0","0","2009-07-07"
"15","15","64","64","64","13","1","9","1","3.26666666666667","2","2.68181818181818","2","40000","0","0",NA,"144","0","0","0","2009-07-08"
"16","16","53","53","53","8","1","10","1","4","4","2.33333333333333","2","40001","0","0.0555555555555556","8","144","0.000277777777777778","0","0","2009-07-09"
"17","17","36","36","36","50","1","4","1","1.81818181818182","1","9.18181818181818","3","40002","0","44.7291666666667","128.5","104","0.223645833333333","0","36.75","2009-07-10"
"18","18","47","47","47","12","1","19","1","6.53846153846154","4","2.13333333333333","1","40003","0","47.1527777777778","120","103","0.235763888888889","25.25","150.25","2009-07-11"
"19","19","31","31","31","12","1","42","1","9.81818181818182","4","3.22222222222222","2","40004","11.5","67.5972222222222","143.5","86","0.337986111111111","0","138.333333333333","2009-07-12"
"20","20","54","54","54","26","1","10","1","3.82352941176471","3","3.28571428571429","2","40005","1","71.1388888888889","143","85","0.355694444444444","20.1666666666667","114.666666666667","2009-07-13"
"21","21","56","56","56","26","1","8","1","3.15","2.5","3.64285714285714","2","40006","80","96.6458333333333","193.5","66","0.483229166666667","0","188.333333333333","2009-07-14"
"22","22","46","46","46","25","1","6","1","2.30769230769231","2","5","1.5","40007","0","37.7013888888889","96.5","106","0.188506944444444","94.8333333333333","80.1666666666667","2009-07-15"
"23","23","62","62","62","37","1","7","1","2.25","1","3.27272727272727","1","40008","0.5","54.1805555555556","108.5","91","0.270902777777778","57.5833333333333","66.9166666666667","2009-07-16"
"24","24","39","39","39","26","1","1","1","1","1","6.16666666666667","4","40009","19","70.3263888888889","133","78","0.351631944444444","51.0833333333333","158.833333333333","2009-07-17"
"25","25","46","46","46","34","1","5","1","2.16666666666667","1.5","5.1","2","40010","1.5","59.1666666666667","114","87","0.295833333333333","9.58333333333333","87.6666666666667","2009-07-18"
"26","26","44","44","44","53","1","6","1","2","1","5.57894736842105","2","40011","0","40.3541666666667","88.5","102","0.201770833333333","10.9166666666667","166","2009-07-19"
"27","27","28","28","28","22","1","1","1","1","1","7","2.5","40012","20.5","74.7291666666667","108","80","0.373645833333333","87.5833333333333","124.166666666667","2009-07-20"
"28","28","33","33","33","35","1","3","1","2","2","7.6875","4","40013","9.5","59.0208333333333","66.5","90","0.295104166666667","22.3333333333333","190.5","2009-07-21"
"29","29","16","16","16","64","1","-Inf","Inf","NaN",NA,"18.625","5.5","40014","39.5","72.1736111111111","74","76","0.360868055555556","50.5833333333333","186.416666666667","2009-07-22"
"30","30","28","28","28","24","1","-Inf","Inf","NaN",NA,"7","4.5","40015","57.5","76.0416666666667","96.5","70","0.380208333333333","16.25","116.25","2009-07-23"
"31","31","54","54","54","16","1","-Inf","Inf","NaN",NA,"4.11111111111111","3","40016","100","94.2152777777778","112","53","0.471076388888889","40.25","84.75","2009-07-24"
"32","32","46","46","46","49","1","1","1","1","1","5.45454545454545","2","40017","88.5","91.8263888888889","114","60","0.459131944444444","99.3333333333333","149.75","2009-07-25"
"33","33","32","32","32","21","1","-Inf","Inf","NaN",NA,"7.1875","5.5","40018","195","155.305555555556","164.5","20","0.776527777777778","104.666666666667","162.5","2009-07-26"
"34","34","22","22","22","68","1","-Inf","Inf","NaN",NA,"13.2727272727273","6","40019","11.5","61.7013888888889","106","85","0.308506944444444","15.1666666666667","181.75","2009-07-27"
"35","35","34","34","34","21","1","-Inf","Inf","NaN",NA,"5.82352941176471","4","40020","0","43.1111111111111","45","108","0.215555555555556","15.1666666666667","114.833333333333","2009-07-28"
"36","36","22","22","22","44","1","-Inf","Inf","NaN",NA,"11.8181818181818","7","40021","82","93.6388888888889","91","65","0.468194444444444","63.5833333333333","200","2009-07-29"
"37","37","48","48","48","19","1","1","1","1","1","4.8695652173913","4","40022","69.5","90.0555555555556","67","63","0.450277777777778","77.9166666666667","199.166666666667","2009-07-30"
"38","38","41","41","41","36","1","1","1","1","1","5.9","3.5","40023","148.5","127.222222222222","119.5","30","0.636111111111111","113.583333333333","127.416666666667","2009-07-31"
"39","39","14","14","14","61","2","-Inf","Inf","NaN",NA,"19.4285714285714","12","40024","136","122.875","132","27","0.614375","106.166666666667","145.5","2009-08-01"
"40","40","18","18","18","44","1","-Inf","Inf","NaN",NA,"15.2222222222222","14","40025","199","175.861111111111","172","3","0.879305555555556","199.916666666667","199.666666666667","2009-08-02"
"41","41","24","24","24","71","1","-Inf","Inf","NaN",NA,"12.1666666666667","7.5","40026","179","150.263888888889","162.5","13","0.751319444444444","144.25","190.166666666667","2009-08-03"
"42","42","23","23","23","37","3","1","1","1","1","10","6","40027","184.5","160.097222222222","170","10","0.800486111111111","161.666666666667","197.083333333333","2009-08-04"
"43","43","22","22","22","31","1","-Inf","Inf","NaN",NA,"13.1818181818182","9","40028","189","169.0625","172","2","0.8453125","189.75","142.333333333333","2009-08-05"
"44","44","24","24","24","46","1","-Inf","Inf","NaN",NA,"9.58333333333333","4","40029","188.5","172.375","187","4","0.861875","162.083333333333","172.583333333333","2009-08-06"
"45","45","10","10","10","75","1","-Inf","Inf","NaN",NA,"37.8","39","40030","195.5","179.944444444444","180","0","0.899722222222222","194.25","159","2009-08-07"
"46","46","12","12","12","71","2","-Inf","Inf","NaN",NA,"23.1666666666667","10.5","40031","187","179.854166666667","186","0","0.899270833333333","182.916666666667","179.833333333333","2009-08-08"
"47","47","8","8","8","54","2","-Inf","Inf","NaN",NA,"20.5","13","40032","184.5","173.375","170.5","0","0.866875","182.416666666667","167.583333333333","2009-08-09"
"48","48","30","30","30","22","1","-Inf","Inf","NaN",NA,"8.06666666666667","7","40033","185.5","169.993055555556","171.5","1","0.849965277777778","178.666666666667","174.75","2009-08-10"
"49","49","22","22","22","32","1","-Inf","Inf","NaN",NA,"12.1818181818182","8","40034","188","177.263888888889","177","0","0.886319444444444","188.916666666667","183.5","2009-08-11"
"50","50","16","16","16","48","1","-Inf","Inf","NaN",NA,"19.5","12","40035","191","182.152777777778","182","0","0.910763888888889","174.916666666667","193","2009-08-12"
"51","51","8","8","8","47","7","-Inf","Inf","NaN",NA,"33.75","40.5","40036","187","176.854166666667","183","0","0.884270833333333","168.333333333333","183.166666666667","2009-08-13"
"52","52","6","6","6","117","4","-Inf","Inf","NaN",NA,"42.3333333333333","6","40037","197","183.8125","183","0","0.9190625","196.25","175.916666666667","2009-08-14"
"53","53","12","12","12","82","1","-Inf","Inf","NaN",NA,"34.6666666666667","23","40038","182","170.541666666667","172.5","1","0.852708333333333","169.083333333333","168.833333333333","2009-08-15"
"54","54","10","10","10","34","1","-Inf","Inf","NaN",NA,"14.2","13","40039","184.5","174.298611111111","174","1","0.871493055555556","167.5","165.5","2009-08-16"
"55","55","14","14","14","63","1","-Inf","Inf","NaN",NA,"19.8571428571429","15","40040","196","186.111111111111","189","0","0.930555555555556","186.833333333333","180","2009-08-17"
"56","56","14","14","14","93","3","-Inf","Inf","NaN",NA,"22.2857142857143","10","40041","191","183.958333333333","186","0","0.919791666666667","171.833333333333","177.583333333333","2009-08-18"
"57","57","18","18","18","48","1","-Inf","Inf","NaN",NA,"13.1111111111111","5","40042","191.5","183.451388888889","185","0","0.917256944444444","169.166666666667","185.416666666667","2009-08-19"
"58","58","18","18","18","77","2","-Inf","Inf","NaN",NA,"14.4444444444444","5","40043","193","179.645833333333","182","1","0.898229166666667","188.916666666667","191.416666666667","2009-08-20"
"59","59","33","33","33","38","1","1","1","1","1","7.125","4","40044","191","181.618055555556","188","0","0.908090277777778","171.25","188.916666666667","2009-08-21"
"60","60","20","20","20","50","2","1","1","1","1","14.5555555555556","8","40045","195","185","189","0","0.925","178.166666666667","188.166666666667","2009-08-22"
"61","61","15","15","15","50","2","-Inf","Inf","NaN",NA,"18.625","15","40046","192","187.381944444444","191","0","0.936909722222222","185","193.166666666667","2009-08-23"
"62","62","46","46","46","20","1","-Inf","Inf","NaN",NA,"5.1304347826087","3","40047","195.5","185.465277777778","189","0","0.927326388888889","182.75","189.416666666667","2009-08-24"
"63","63","23","23","23","54","1","1","1","1","1","11.6363636363636","5","40048","197","190.861111111111","193","0","0.954305555555556","184.916666666667","198.666666666667","2009-08-25"
"64","64","31","31","31","34","1","2","1","1.5","1.5","7.86666666666667","5","40049","191","178.861111111111","183","0","0.894305555555556","179.666666666667","181.583333333333","2009-08-26"
"65","65","16","16","16","60","1","-Inf","Inf","NaN",NA,"19.125","4.5","40050","198","187.604166666667","189","0","0.938020833333333","179.083333333333","179.916666666667","2009-08-27"
"66","66","34","34","34","14","1","1","1","1","1","6.0625","5","40051","190","184.756944444444","187","0","0.923784722222222","172","187.083333333333","2009-08-28"
"67","67","15","15","15","89","2","-Inf","Inf","NaN",NA,"18.5","5","40052","194","187.701388888889","191","0","0.938506944444444","185.333333333333","192.833333333333","2009-08-29"
"68","68","26","26","26","33","1","-Inf","Inf","NaN",NA,"9.76923076923077","4","40053","197","189.6875","191","0","0.9484375","195.25","188.25","2009-08-30"
"69","69","34","34","34","38","1","1","1","1","1","7.88235294117647","4","40054","194","188.527777777778","191","0","0.942638888888889","192.416666666667","186.083333333333","2009-08-31"
"70","70","28","28","28","17","1","-Inf","Inf","NaN",NA,"8","8","40055","196","189.75","192.5","0","0.94875","199.333333333333","191.583333333333","2009-09-01"
"71","71","12","12","12","69","5","1","1","1","1","26.8","24","40056","194","186.201388888889","189","0","0.931006944444444","180.333333333333","196.166666666667","2009-09-02"
"72","72","29","29","29","36","1","1","1","1","1","8.86666666666667","4","40057","198","188.555555555556","188","0","0.942777777777778","176.5","199.5","2009-09-03"
"73","73","40","40","40","34","1","-Inf","Inf","NaN",NA,"5.7","3","40058","191","185.444444444444","187","0","0.927222222222222","175.166666666667","196.25","2009-09-04"
"74","74","18","18","18","72","1","-Inf","Inf","NaN",NA,"16.1111111111111","5","40059","196","188.972222222222","193","0","0.944861111111111","186.416666666667","199.25","2009-09-05"
"75","75","20","20","20","71","1","1","1","1","1","13.2222222222222","5","40060","187.5","178.020833333333","181","1","0.890104166666667","160.583333333333","195.5","2009-09-06"
"76","76","45","45","45","25","1","1","1","1","1","5.36363636363636","3.5","40061","199","187.256944444444","191","1","0.936284722222222","185.916666666667","175.666666666667","2009-09-07"
"77","77","12","12","12","52","11","-Inf","Inf","NaN",NA,"24.5","19.5","40062","192.5","184.673611111111","184","0","0.923368055555556","196.083333333333","176.666666666667","2009-09-08"
"78","78","22","22","22","126","2","-Inf","Inf","NaN",NA,"19","10","40063","185","175.9375","178","0","0.8796875","175.416666666667","182.25","2009-09-09"
"79","79","12","12","12","44","1","-Inf","Inf","NaN",NA,"14.5","10.5","40064","198","184.409722222222","189","1","0.922048611111111","172.833333333333","186.166666666667","2009-09-10"
"80","80","29","29","29","83","1","1","1","1","1","8.92307692307692","2","40065","198","181.416666666667","183","3","0.907083333333333","192.666666666667","193.5","2009-09-11"
"81","81","41","41","41","38","1","1","1","1","1","5.77777777777778","2.5","40066","196.5","186.034722222222","188","0","0.930173611111111","196.25","171.166666666667","2009-09-12"
"82","82","41","41","41","23","1","2","1","1.25","1","4.94736842105263","3","40067","187.5","177.770833333333","183","1","0.888854166666667","178.666666666667","183.083333333333","2009-09-13"
"83","83","27","27","27","52","1","4","1","2.16666666666667","2","10.1666666666667","4.5","40068","198","190.520833333333","195","0","0.952604166666667","190.916666666667","189.666666666667","2009-09-14"
"84","84","46","46","46","53","1","4","1","1.63636363636364","1","6.17647058823529","2","40069","193","182","181","0","0.91","179.833333333333","193.25","2009-09-15"
"85","85","67","67","67","7","1","4","1","1.72222222222222","1.5","2.81818181818182","2","40070","191.5","179.027777777778","182","1","0.895138888888889","193.833333333333","187.166666666667","2009-09-16"
"86","86","39","39","39","75","1","5","1","2.18181818181818","2","9.14285714285714","2.5","40071","188.5","180.430555555556","182","0","0.902152777777778","174.833333333333","177.166666666667","2009-09-17"
"87","87","46","46","46","17","1","5","1","1.84615384615385","1","4.5","3","40072","199","190.604166666667","194","1","0.953020833333333","185.083333333333","183.25","2009-09-18"
"88","88","43","43","43","31","1","2","1","1.16666666666667","1","7.71428571428571","4","40073","193","180.638888888889","181","1","0.903194444444444","186.5","181.333333333333","2009-09-19"
"89","89","47","47","47","58","1","4","1","2.18181818181818","2","5.16666666666667","1.5","40074","191","177.673611111111","183","0","0.888368055555556","167.916666666667","187.416666666667","2009-09-20"
"90","90","32","32","32","59","1","5","1","2.6","2","9.58333333333333","4","40075","197","186.763888888889","188","0","0.933819444444444","188.583333333333","188.666666666667","2009-09-21"
"91","91","54","54","54","70","1","5","1","1.81818181818182","1","6.5","3","40076","196.5","185.576388888889","190.5","1","0.927881944444444","176.833333333333","189.75","2009-09-22"
"92","92","20","20","20","52","2","7","1","2.42857142857143","1","13","3","40077","187.5","172.888888888889","178","3","0.864444444444444","191","141.166666666667","2009-09-23"
"93","93","49","49","49","40","1","2","1","1.125","1","6.9","2","40078","192","186.736111111111","190","0","0.933680555555556","184","181.083333333333","2009-09-24"
"94","94","40","40","40","23","1","5","1","2","1","4.91666666666667","2","40079","197","187.020833333333","189.5","0","0.935104166666667","190.583333333333","191.416666666667","2009-09-25"
"95","95","22","22","22","86","1","2","1","1.2","1","15.5555555555556","1","40080","198","186.791666666667","192","0","0.933958333333333","199.25","181.25","2009-09-26"
"96","96","56","56","56","56","1","2","1","1.36363636363636","1","5.04545454545455","2","40081","197","181.743055555556","186","2","0.908715277777778","152.5","192.583333333333","2009-09-27"
"97","97","55","55","55","33","1","4","1","1.53846153846154","1","4.05263157894737","2","40082","195","169.819444444444","182","7","0.849097222222222","158.75","199.5","2009-09-28"
"98","98","44","44","44","39","1","3","1","1.33333333333333","1","6.4375","2.5","40083","193","171.604166666667","181","5","0.858020833333333","166.75","193.333333333333","2009-09-29"
"99","99","32","32","32","25","1","1","1","1","1","9.58333333333333","6.5","40084","196.5","169.618055555556","188","13","0.848090277777778","182.583333333333","187.083333333333","2009-09-30"
"100","100","41","41","41","36","1","6","1","1.84615384615385","1","6.61538461538461","2","40085","186","151.145833333333","171","18","0.755729166666667","160.75","182.083333333333","2009-10-01"
"101","101","27","27","27","74","1","11","1","3.25","2","11.7777777777778","1","40086","158.5","129.520833333333","154","31","0.647604166666667","108.083333333333","183.5","2009-10-02"
"102","102","49","49","49","36","1","8","1","2.91666666666667","2.5","6.875","2","40087","191.5","151.291666666667","171","24","0.756458333333333","108.333333333333","136.583333333333","2009-10-03"
"103","103","31","31","31","66","1","5","1","2.5","2.5","8.88888888888889","2","40088","185","147.430555555556","163","24","0.737152777777778","196.166666666667","191","2009-10-04"
"104","104","29","29","29","112","1","13","1","4.125","3","17.125","4","40089","193.5","160.263888888889","164","14","0.801319444444444","185.166666666667","157.166666666667","2009-10-05"
"105","105","10","10","10","50","1","6","1","2.66666666666667","1","24.5","23.5","40090","190","145.597222222222","170","24","0.727986111111111","82.9166666666667","174.833333333333","2009-10-06"
"106","106","37","37","37","52","1","5","1","2.23076923076923","2","11.25","5","40091","195","162.763888888889","189.5","13","0.813819444444444","196.5","173.5","2009-10-07"
"107","107","46","46","46","55","1","11","1","2.6875","2","5.53846153846154","1","40092","186","149.430555555556","185","20","0.747152777777778","138.25","194.166666666667","2009-10-08"
"108","108","26","26","26","25","2","3","1","2.4","3","13.1","11","40093","195.5","165.1875","193","17","0.8259375","190.416666666667","175.416666666667","2009-10-09"
"109","109","38","38","38","15","1","13","1","5.57142857142857","3.5","3.27272727272727","2","40094","187","160.9375","174","9","0.8046875","198.916666666667","133.5","2009-10-10"
"110","110","48","48","48","35","1","9","1","2","1","4.55","1","40095","182.5","141.326388888889","178.5","26","0.706631944444444","188.916666666667","133.666666666667","2009-10-11"
"111","111","52","52","52","43","1","17","1","4.71428571428571","3.5","4.5","2","40096","198","176.277777777778","192.5","6","0.881388888888889","194","172.5","2009-10-12"
"112","112","54","54","54","12","1","6","1","2.26666666666667","2","3.33333333333333","1","40097","187","156.381944444444","172","15","0.781909722222222","137.25","196.583333333333","2009-10-13"
"113","113","31","31","31","49","1","6","1","3.2","3","9.66666666666667","5","40098","171.5","140.263888888889","153","20","0.701319444444444","113.666666666667","199.333333333333","2009-10-14"
"114","114","45","45","45","19","1","12","1","4","3","4.93333333333333","3","40099","193","164.340277777778","176.5","12","0.821701388888889","111.083333333333","200","2009-10-15"
"115","115","19","19","19","37","2","4","1","3","4","16.5555555555556","12","40100","196.5","171.6875","188","7","0.8584375","146.5","191.166666666667","2009-10-16"
"116","116","37","37","37","13","1","15","1","5.42857142857143","5","4.53846153846154","5","40101","177.5","143.145833333333","180","24","0.715729166666667","93.75","157.916666666667","2009-10-17"
"117","117","25","25","25","57","2","12","2","5.88888888888889","6","13","3.5","40102","197","151.902777777778","190","26","0.759513888888889","157.5","125","2009-10-18"
"118","118","26","26","26","34","1","7","1","3.16666666666667","3","11.1","7","40103","178","131.854166666667","180","35","0.659270833333333","189.833333333333","105.916666666667","2009-10-19"
"119","119","62","62","62","4","1","12","1","3.68181818181818","3","2","2","40104","195","155.034722222222","188.5","20","0.775173611111111","196.25","111.583333333333","2009-10-20"
"120","120","20","20","20","45","1","6","1","3","2.5","17.4285714285714","15","40105","195","141.194444444444","188.5","33","0.705972222222222","180.916666666667","128.75","2009-10-21"
"121","121","43","43","43","26","1","21","1","5.4","4","3.91666666666667","1.5","40106","198","188.951388888889","195.5","3","0.944756944444444","194.416666666667","180.166666666667","2009-10-22"
"122","122","42","42","42","37","1","19","1","5.36363636363636","3","6.07142857142857","1.5","40107","191","136.597222222222","168","34","0.682986111111111","88","33.8333333333333","2009-10-23"
"123","123","34","34","34","19","1","15","1","4.33333333333333","2.5","4.3","2","40108","150.5","118.847222222222","132","43","0.594236111111111","197.166666666667","87.5833333333333","2009-10-24"
"124","124","52","52","52","46","1","8","1","3.92857142857143","3.5","5.93333333333333","2","40109","194","168.340277777778","193","12","0.841701388888889","184.666666666667","183","2009-10-25"
"125","125","37","37","37","28","1","10","1","3.7","3","5.33333333333333","2","40110","24.5","78.25","130","78","0.39125","12.4166666666667","155.666666666667","2009-10-26"
"126","126","40","40","40","36","1","6","1","3.15384615384615","3","7.63636363636364","2","40111","191","149.395833333333","164.5","19","0.746979166666667","190.416666666667","71.0833333333333","2009-10-27"
"127","127","33","33","33","31","1","27","1","7.09090909090909","6","5.77777777777778","2","40112","69.5","86.9652777777778","150","69","0.434826388888889","109","128.083333333333","2009-10-28"
"128","128","34","34","34","39","1","15","1","6.54545454545455","7","9.77777777777778","3","40113","172.5","131.958333333333","172","34","0.659791666666667","150.583333333333","146.333333333333","2009-10-29"
"129","129","29","29","29","51","1","11","1","5.36363636363636","4","11.3333333333333","4","40114","187.5","141.034722222222","179","31","0.705173611111111","181.416666666667","121.083333333333","2009-10-30"
"130","130","37","37","37","18","1","17","1","4.66666666666667","4","5","1.5","40115","154","117.694444444444","165","45","0.588472222222222","61.5833333333333","61.8333333333333","2009-10-31"
"131","131","31","31","31","31","1","20","1","6.85714285714286","3","7.7","2","40116","196","176.194444444444","195","9","0.880972222222222","197.833333333333","108.583333333333","2009-11-01"
"132","132","39","39","39","47","1","28","1","6.36363636363636","1","6.30769230769231","3","40117","174","129.729166666667","187","36","0.648645833333333","169","97.75","2009-11-02"
"133","133","30","30","30","18","1","6","1","2.66666666666667","1.5","6.66666666666667","5.5","40118","168","114.270833333333","178","54","0.571354166666667","56.3333333333333","13.75","2009-11-03"
"134","134","34","34","34","41","1","14","1","3.5","1.5","8.69230769230769","5","40119","196","162.229166666667","192","18","0.811145833333333","195.666666666667","86.8333333333333","2009-11-04"
"135","135","42","42","42","24","1","6","1","3","2","5.71428571428571","2.5","40120","26","60.4305555555556","93","83","0.302152777777778","76.8333333333333","71.0833333333333","2009-11-05"
"136","136","31","31","31","38","1","12","1","3.1","2","15.3333333333333","9.5","40121","199","176.465277777778","189","8","0.882326388888889","148.416666666667","110.5","2009-11-06"
"137","137","38","38","38","10","1","16","1","7.6","7.5","3.58333333333333","2.5","40122","25","77.1319444444444","119.5","78","0.385659722222222","102.166666666667","9.08333333333333","2009-11-07"
"138","138","36","36","36","31","1","17","1","6.1","3","6.1","2","40123","71","89.2013888888889","120","66","0.446006944444444","198.333333333333","71.4166666666667","2009-11-08"
"139","139","30","30","30","20","1","20","4","9.28571428571429","7","7","4.5","40124","168","115.868055555556","186","52","0.579340277777778","199.166666666667","99.8333333333333","2009-11-09"
"140","140","27","27","27","34","1","13","2","6.33333333333333","4.5","9.22222222222222","6","40125","114","103.055555555556","161","55","0.515277777777778","77.4166666666667","120.5","2009-11-10"
"141","141","22","22","22","44","4","9","1","3.8","1","14.25","9","40126","186.5","138.729166666667","176.5","32","0.693645833333333","167.333333333333","105.583333333333","2009-11-11"
"142","142","25","25","25","57","1","8","1","4","4","10.875","2.5","40127","174","120.0625","171","46","0.6003125","87.1666666666667","110.75","2009-11-12"
"143","143","51","51","51","21","1","15","1","4.84615384615385","2","4","2.5","40128","29","86.25","176","73","0.43125","194.25","99.75","2009-11-13"
"144","144","32","32","32","47","1","11","1","3.57142857142857","1","8","4","40129","23","80.875","163","77","0.404375","23.5833333333333","48.6666666666667","2009-11-14"
"145","145","43","43","43","11","1","18","1","4.2","2","4.63636363636364","2","40130","124","104.076388888889","173","59","0.520381944444444","109.166666666667","197.25","2009-11-15"
"146","146","39","39","39","28","1","22","1","4.875","2","6.13333333333333","3","40131","166.5","119.3125","168.5","46","0.5965625","149.166666666667","100.333333333333","2009-11-16"
"147","147","24","24","24","80","1","5","1","2.75","2.5","11.5454545454545","4","40132","119","106.541666666667","186","58","0.532708333333333","172.583333333333","99.9166666666667","2009-11-17"
"148","148","26","26","26","26","1","31","1","9.11111111111111","6","6.5","2.5","40133","57.5","86.9166666666667","175","70","0.434583333333333","166.083333333333","199.833333333333","2009-11-18"
"149","149","19","19","19","44","2","8","6","7","7","13.625","10","40134","196","164.0625","194","16","0.8203125","180.833333333333","159.916666666667","2009-11-19"
"150","150","39","39","39","38","1","14","1","4","3","8.21428571428571","2","40135","195","169.979166666667","191.5","9","0.849895833333333","187.833333333333","117.833333333333","2009-11-20"
"151","151","17","17","17","40","1","13","1","4.5","2","20","19.5","40136","170.5","126.041666666667","183","38","0.630208333333333","95.1666666666667","41.0833333333333","2009-11-21"
"152","152","22","22","22","58","1","16","2","6.16666666666667","4","13.4285714285714","6","40137","192","138.909722222222","192","32","0.694548611111111","162","28.3333333333333","2009-11-22"
"153","153","19","19","19","76","1","7","3","5.5","6","15","3","40138","17.5","76.0555555555556","159","76","0.380277777777778","52.5","97.4166666666667","2009-11-23"
"154","154","52","52","52","36","1","24","1","3.3125","1.5","5.5","2","40139","109","100.715277777778","164","59","0.503576388888889","19.4166666666667","58.3333333333333","2009-11-24"
"155","155","31","31","31","27","1","11","1","4.5","3","7.09090909090909","6","40140","147.5","110.201388888889","190","55","0.551006944444444","194.583333333333","10.25","2009-11-25"
"156","156","37","37","37","43","1","10","1","2.81818181818182","3","10.3333333333333","6","40141","167","115.534722222222","184","50","0.577673611111111","126.25","99.6666666666667","2009-11-26"
"157","157","37","37","37","20","1","25","1","6.81818181818182","4","5.36363636363636","3","40142","195","161.423611111111","194","19","0.807118055555556","182.75","191.583333333333","2009-11-27"
"158","158","43","43","43","27","1","7","1","2.35714285714286","2","6.81818181818182","2","40143","193","143.409722222222","187","28","0.717048611111111","123.083333333333","131.5","2009-11-28"
"159","159","28","28","28","37","2","13","1","4.55555555555556","4","17.1428571428571","21","40144","127","107.145833333333","179","52","0.535729166666667","132.166666666667","31","2009-11-29"
"160","160","18","18","18","58","1","4","2","2.66666666666667","2","16.5714285714286","5","40145","197.5","144.166666666667","190","29","0.720833333333333","161.666666666667","21.0833333333333","2009-11-30"
"161","161","32","32","32","23","1","12","1","5.8","6","5.875","3","40146","54","84.5208333333333","160.5","69","0.422604166666667","144.166666666667","5.75","2009-12-01"
"162","162","33","33","33","80","1","13","1","3.6","2","13.1111111111111","3","40147","186","143.3125","186","25","0.7165625","128.083333333333","23.1666666666667","2009-12-02"
"163","163","36","36","36","29","1","20","1","6.11111111111111","3","4.07692307692308","2","40148","196","154.486111111111","196","26","0.772430555555556","119","99.5833333333333","2009-12-03"
"164","164","44","44","44","30","1","15","1","3.92857142857143","3","5.8","3","40149","54","91.6736111111111","195","71","0.458368055555556","92.5833333333333","103.5","2009-12-04"
"165","165","26","26","26","28","1","18","2","10.375","11","4.77777777777778","2","40150","197","159.284722222222","193","21","0.796423611111111","180.25","27.5833333333333","2009-12-05"
"166","166","35","35","35","66","1","19","1","4.11111111111111","2","10.5","4","40151","168.5","125.645833333333","185","40","0.628229166666667","180.666666666667","98.5833333333333","2009-12-06"
"167","167","42","42","42","8","1","18","1","6.3","4","2.92307692307692","2","40152","198","161.916666666667","193.5","20","0.809583333333333","199.166666666667","97.75","2009-12-07"
"168","168","42","42","42","44","1","7","1","4.28571428571429","4","5.5","1","40153","196","140.291666666667","177","34","0.701458333333333","118.5","2.75","2009-12-08"
"169","169","33","33","33","55","1","11","1","3.44444444444444","2","10","1.5","40154","197","144.055555555556","192","32","0.720277777777778","108.333333333333","99.6666666666667","2009-12-09"
"170","170","46","46","46","54","1","19","1","4.13333333333333","3","7.23076923076923","2","40155","108","103.347222222222","131","53","0.516736111111111","84.4166666666667","181.833333333333","2009-12-10"
"171","171","30","30","30","10","1","14","1","5.7","5.5","3.75","1.5","40156","197.5","150.75","185.5","26","0.75375","180.416666666667","100.083333333333","2009-12-11"
"172","172","27","27","27","65","1","40","1","6.75","2.5","11.4444444444444","4","40157","195.5","138.888888888889","186","32","0.694444444444444","139.916666666667","107.083333333333","2009-12-12"
"173","173","29","29","29","19","1","17","1","6.16666666666667","6.5","6","3","40158","78.5","95.9652777777778","152","63","0.479826388888889","118","50.5833333333333","2009-12-13"
"174","174","21","21","21","51","1","11","3","6.66666666666667","6.5","12.4285714285714","5","40159","157","119.152777777778","158","45","0.595763888888889","179.416666666667","29.5","2009-12-14"
"175","175","35","35","35","28","1","13","2","7","7.5","6.07142857142857","2","40160","183.5","129.548611111111","169","41","0.647743055555556","194.583333333333","49.25","2009-12-15"
"176","176","20","20","20","81","1","20","1","7.25","4","15.5","4","40161","199.5","180.166666666667","196","8","0.900833333333333","191.166666666667","198.666666666667","2009-12-16"
"177","177","17","17","17","83","1","14","1","5.25","3","16","3","40162","149","111.993055555556","161.5","52","0.559965277777778","73.75","123.583333333333","2009-12-17"
"178","178","31","31","31","43","1","24","1","7.5","4.5","8.69230769230769","3","40163","182","126.020833333333","180.5","42","0.630104166666667","178.083333333333","98.5833333333333","2009-12-18"
"179","179","22","22","22","29","1","23","1","7.2","4","11.5","6","40164","165","111.527777777778","172","55","0.557638888888889","74.6666666666667","199.083333333333","2009-12-19"
"180","180","31","31","31","33","1","11","1","4.11111111111111","2","9.88888888888889","6","40165","162","120.368055555556","161","44","0.601840277777778","87.1666666666667","125.166666666667","2009-12-20"
"181","181","23","23","23","21","1","31","1","10.5","5","7.88888888888889","6","40166","0","69.1666666666667","156","88","0.345833333333333","197.083333333333","16.4166666666667","2009-12-21"
"182","182","15","15","15","50","1","9","1","6","8","23.4","15","40167","164","122.208333333333","163.5","43","0.611041666666667","111","99.75","2009-12-22"
"183","183","27","27","27","36","1","20","1","6.85714285714286","7","9.66666666666667","6","40168","125.5","109.541666666667","147","50","0.547708333333333","94.4166666666667","105","2009-12-23"
"184","184","35","35","35","35","1","6","1","2.85714285714286","2","7.25","3","40169","47.5","83.0208333333333","118","73","0.415104166666667","64.6666666666667","99.6666666666667","2009-12-24"
"185","185","41","41","41","39","1","8","1","3.5","3","6.69230769230769","2","40170","198","148.506944444444","186","24","0.742534722222222","183.166666666667","144.75","2009-12-25"
"186","186","32","32","32","49","1","10","1","3.5","1.5","8","1","40171","58","87.7847222222222","164","69","0.438923611111111","107.083333333333","99.75","2009-12-26"
"187","187","40","40","40","17","1","9","1","3","2","5.4375","4","40172","124","108.666666666667","194","57","0.543333333333333","87.3333333333333","114.416666666667","2009-12-27"
"188","188","30","30","30","23","1","28","1","6.83333333333333","1.5","7.36363636363636","3","40173","174.5","114.381944444444","191.5","54","0.571909722222222","154.083333333333","103.916666666667","2009-12-28"
"189","189","16","16","16","49","1","17","1","9","9","21.2","21","40174","33","86.2777777777778","180","73","0.431388888888889","94.9166666666667","99.9166666666667","2009-12-29"
"190","190","41","41","41","15","1","12","1","3.5","2.5","8.75","9.5","40175","193","129.381944444444","177","41","0.646909722222222","39.5833333333333","58.6666666666667","2009-12-30"
"191","191","21","21","21","80","1","2","1","1.4","1","20.5714285714286","17","40176","173.5","126.673611111111","185","42","0.633368055555556","139.583333333333","111.083333333333","2009-12-31"
"192","192","30","30","30","9","1","30","1","8.88888888888889","3","3.22222222222222","2","40177","198","150.159722222222","192","29","0.750798611111111","186.416666666667","155.416666666667","2010-01-01"
"193","193","34","34","34","45","1","19","1","8.125","8","6.18181818181818","1","40178","199","161.944444444444","197","21","0.809722222222222","195.333333333333","199.083333333333","2010-01-02"
"194","194","34","34","34","17","1","16","1","3.8","2","5.72727272727273","2","40179","169","121.444444444444","192.5","45","0.607222222222222","154.166666666667","158.5","2010-01-03"
"195","195","26","26","26","49","1","7","1","4.5","5","15","5","40180","191.5","135.819444444444","194.5","36","0.679097222222222","187.25","199.166666666667","2010-01-04"
"196","196","35","35","35","14","1","11","1","4.3","2.5","4.55555555555556","2","40181","189","132.736111111111","191","37","0.663680555555556","187.916666666667","199.25","2010-01-05"
"197","197","26","26","26","47","1","2","1","1.33333333333333","1","12.0909090909091","7","40182","191.5","128.444444444444","193","42","0.642222222222222","146.916666666667","156.083333333333","2010-01-06"
"198","198","35","35","35","64","1","28","1","7","3","8.58333333333333","1.5","40183","199","169.576388888889","197","14","0.847881944444444","176.916666666667","93.4166666666667","2010-01-07"
"199","199","21","21","21","49","1","1","1","1","1","11.1111111111111","6","40184","156","113.138888888889","183","52","0.565694444444444","38.1666666666667","59.9166666666667","2010-01-08"
"200","200","26","26","26","26","1","16","1","8.25","8","7.9","1.5","40185","194","154.381944444444","194.5","20","0.771909722222222","179.666666666667","140.833333333333","2010-01-09"
"201","201","29","29","29","51","1","21","1","7.66666666666667","1","6.69230769230769","2","40186","179","137.111111111111","177","32","0.685555555555556","112.416666666667","39.3333333333333","2010-01-10"
"202","202","39","39","39","9","1","25","1","7.81818181818182","4","3.91666666666667","3","40187","195","143.756944444444","181","24","0.718784722222222","164.583333333333","59.3333333333333","2010-01-11"
"203","203","32","32","32","60","1","3","1","2","2","11.25","5","40188","183","144.888888888889","181","18","0.724444444444444","182.166666666667","105.666666666667","2010-01-12"
"204","204","29","29","29","14","1","31","1","6.7","1","3.42857142857143","2","40189","171","122.076388888889","188","41","0.610381944444444","144.25","31.4166666666667","2010-01-13"
"205","205","21","21","21","76","1","2","1","1.33333333333333","1","11.4545454545455","1","40190","193.5","138.076388888889","191","36","0.690381944444444","196.833333333333","106.583333333333","2010-01-14"
"206","206","36","36","36","51","1","21","1","5.5","3","9.15384615384615","4","40191","151","113.777777777778","180","49","0.568888888888889","183.583333333333","118.666666666667","2010-01-15"
"207","207","27","27","27","54","1","11","1","2.57142857142857","1","12.1111111111111","6","40192","199","181.298611111111","197","7","0.906493055555556","172","195.166666666667","2010-01-16"
"208","208","25","25","25","22","1","17","3","8.14285714285714","6","5.125","2.5","40193","58","90.9722222222222","151","70","0.454861111111111","187.5","100","2010-01-17"
"209","209","28","28","28","44","1","12","1","4.33333333333333","2","9.90909090909091","2","40194","42.5","79.9375","132.5","75","0.3996875","169.166666666667","98.4166666666667","2010-01-18"
"210","210","24","24","24","28","1","2","1","1.4","1","12.5","11","40195","180","129.458333333333","184","37","0.647291666666667","141.333333333333","118.75","2010-01-19"
"211","211","24","24","24","64","1","19","1","5.4","1","18.375","14.5","40196","191","152.694444444444","189","19","0.763472222222222","144.333333333333","122.083333333333","2010-01-20"
"212","212","12","12","12","39","1","15","13","14","14","13","6","40197","173.5","123.479166666667","188","43","0.617395833333333","109.583333333333","101.75","2010-01-21"
"213","213","19","19","19","39","1","13","1","7","7","15.8571428571429","13","40198","193","179.875","192","4","0.899375","187.5","183.666666666667","2010-01-22"
"214","214","26","26","26","73","1","14","1","6.6","7","14.3333333333333","2","40199","132","105.9375","167.5","56","0.5296875","182","199.666666666667","2010-01-23"
"215","215","20","20","20","41","1","2","1","1.5","1.5","14.3333333333333","12","40200","198","179.243055555556","195","2","0.896215277777778","191.75","193.5","2010-01-24"
"216","216","33","33","33","5","1","16","1","6.54545454545455","5","1.69230769230769","1","40201","195","154.3125","193","20","0.7715625","190.75","172.5","2010-01-25"
"217","217","27","27","27","45","1","14","1","5.33333333333333","2.5","10.4444444444444","4","40202","183.5","131.493055555556","188","36","0.657465277777778","171.666666666667","99.75","2010-01-26"
"218","218","21","21","21","31","1","26","2","9","6","13.1666666666667","12.5","40203","15","78.6041666666667","174.5","78","0.393020833333333","172.25","39.4166666666667","2010-01-27"
"219","219","32","32","32","42","1","6","1","2.66666666666667","2.5","10.8333333333333","5.5","40204","180","149.263888888889","180","20","0.746319444444444","112.916666666667","99.8333333333333","2010-01-28"
"220","220","26","26","26","36","1","8","1","3.66666666666667","2","10.2","5.5","40205","107","98.6875","190.5","60","0.4934375","120.083333333333","99.5","2010-01-29"
"221","221","24","24","24","24","1","26","6","13.3333333333333","8","7.7","6","40206","198","175.826388888889","192","11","0.879131944444444","188.833333333333","100","2010-01-30"
"222","222","23","23","23","62","1","9","1","3.25","1.5","14.1111111111111","11","40207","185.5","125.548611111111","189","44","0.627743055555556","142.25","162","2010-01-31"
"223","223","38","38","38","29","1","8","1","3.4","2.5","6.27272727272727","4","40208","198","163.090277777778","196","18","0.815451388888889","186.75","199.666666666667","2010-02-01"
"224","224","27","27","27","43","1","10","1","3.77777777777778","2","13.4285714285714","1","40209","181","118.625","190","48","0.593125","125.583333333333","132.583333333333","2010-02-02"
"225","225","39","39","39","17","1","17","1","5.58333333333333","4","5","3.5","40210","188","135.020833333333","194","35","0.675104166666667","190.5","98.3333333333333","2010-02-03"
"226","226","43","43","43","72","1","12","1","4","2","7.4375","1.5","40211","193.5","172.340277777778","193","7","0.861701388888889","136.083333333333","196.5","2010-02-04"
"227","227","28","28","28","18","2","15","1","5.25","2.5","7.18181818181818","4","40212","190","146.875","192","27","0.734375","168.75","171.333333333333","2010-02-05"
"228","228","14","14","14","82","1","3","2","2.33333333333333","2","21.6666666666667","8.5","40213","196.5","160.020833333333","190","20","0.800104166666667","184.75","115.333333333333","2010-02-06"
"229","229","48","48","48","35","1","18","1","5.07692307692308","3","5.42857142857143","2","40214","194","157.784722222222","194","22","0.788923611111111","184.5","80.5833333333333","2010-02-07"
"230","230","11","11","11","77","1","7","2","4.5","4.5","23.5","8","40215","188","137.479166666667","192","33","0.687395833333333","194.166666666667","97.8333333333333","2010-02-08"
"231","231","35","35","35","11","1","41","1","8.36363636363636","2","4.2","3","40216","198","184.951388888889","197","3","0.924756944444444","154.5","186.75","2010-02-09"
"232","232","44","44","44","16","1","16","1","5.5","5","3.85714285714286","1.5","40217","70.5","93.2708333333333","148.5","70","0.466354166666667","116.75","100.083333333333","2010-02-10"
"233","233","18","18","18","48","1","21","5","13","13","16","6","40218","191","133.958333333333","179","34","0.669791666666667","198.5","107.166666666667","2010-02-11"
"234","234","32","32","32","50","1","20","3","12","12.5","7.53846153846154","4","40219","195.5","123.854166666667","194","48","0.619270833333333","198.083333333333","179.333333333333","2010-02-12"
"235","235","28","28","28","42","1","11","1","5.5","4","10","9","40220","195","152.680555555556","195","22","0.763402777777778","179","84.3333333333333","2010-02-13"
"236","236","47","47","47","49","1","5","1","1.5","1","6.5625","2","40221","197","167.729166666667","197","11","0.838645833333333","195.333333333333","197.416666666667","2010-02-14"
"237","237","21","21","21","61","1","14","1","5.33333333333333","3","13","2","40222","192","132.548611111111","194","38","0.662743055555556","58.9166666666667","97.5","2010-02-15"
"238","238","34","34","34","42","1","14","1","4.09090909090909","4","8.11111111111111","2","40223","197.5","169.284722222222","195","15","0.846423611111111","190.25","117.25","2010-02-16"
"239","239","36","36","36","11","1","17","1","5","2.5","4.45454545454545","2","40224","165","127.4375","178","34","0.6371875","148.916666666667","129.916666666667","2010-02-17"
"240","240","39","39","39","79","1","15","1","3.63636363636364","2","9","3","40225","196","139.75","193","34","0.69875","182.166666666667","37.3333333333333","2010-02-18"
"241","241","27","27","27","16","1","20","1","9.33333333333333","8.5","4.5","3","40226","113","96.7916666666667","171","63","0.483958333333333","162.25","99.0833333333333","2010-02-19"
"242","242","28","28","28","39","1","23","2","8.5","4.5","8.81818181818182","5","40227","188.5","134.277777777778","194","32","0.671388888888889","148","107.916666666667","2010-02-20"
"243","243","53","53","53","19","1","7","1","4","4","4.41176470588235","1","40228","190.5","153.965277777778","192","21","0.769826388888889","186.25","188.333333333333","2010-02-21"
"244","244","40","40","40","27","1","20","1","4.85714285714286","1","5.07142857142857","3","40229","199","183.756944444444","197","7","0.918784722222222","172","197.666666666667","2010-02-22"
"245","245","46","46","46","23","1","17","1","3.25","1","4.66666666666667","3","40230","74.5","86.1388888888889","139","66","0.430694444444444","105.583333333333","166.583333333333","2010-02-23"
"246","246","45","45","45","39","1","5","1","2.21428571428571","2","7.5","2","40231","200","184.041666666667","196","8","0.920208333333333","198.166666666667","102.666666666667","2010-02-24"
"247","247","34","34","34","46","1","18","1","4","2","9.45454545454546","4","40232","2","71.3958333333333","130","85","0.356979166666667","161.5","6.66666666666667","2010-02-25"
"248","248","28","28","28","44","1","13","1","5.57142857142857","4","9.125","1.5","40233","70.5","89.6458333333333","135.5","70","0.448229166666667","127.75","85","2010-02-26"
"249","249","55","55","55","9","1","12","1","3","2","3.88235294117647","3","40234","199","149.381944444444","197","30","0.746909722222222","97.9166666666667","125.75","2010-02-27"
"250","250","38","38","38","29","1","12","1","5.75","5","5.27777777777778","3","40235","153","114.701388888889","181","48","0.573506944444444","173.5","199.166666666667","2010-02-28"
"251","251","34","34","34","17","2","17","1","7.33333333333333","3","6.22222222222222","4","40236","193","137.208333333333","191","33","0.686041666666667","46.75","199.916666666667","2010-03-01"
"252","252","18","18","18","25","2","41","1","12.1428571428571","9","11.2","10","40237","192.5","155.479166666667","164","15","0.777395833333333","146.833333333333","199.75","2010-03-02"
"253","253","26","26","26","26","1","3","3","3","3","11.4545454545455","6","40238","198","143.631944444444","188","32","0.718159722222222","174.75","199.666666666667","2010-03-03"
"254","254","35","35","35","22","1","4","1","1.5","1","7.92857142857143","5.5","40239","178","122.784722222222","181","45","0.613923611111111","163.75","199.333333333333","2010-03-04"
"255","255","38","38","38","49","1","5","1","1.83333333333333","1","9.92857142857143","1.5","40240","165","117.180555555556","184","50","0.585902777777778","178.75","199.5","2010-03-05"
"256","256","43","43","43","13","1","8","1","2.28571428571429","1","3.875","2","40241","186","127.902777777778","184","40","0.639513888888889","125.916666666667","114.333333333333","2010-03-06"
"257","257","25","25","25","50","1","12","2","4.4","2","11.5555555555556","4","40242","143.5","111.979166666667","178.5","54","0.559895833333333","46.4166666666667","106.75","2010-03-07"
"258","258","47","47","47","6","1","13","1","5.0625","3.5","2.6","2","40243","194","142.013888888889","190.5","34","0.710069444444444","174.333333333333","33.0833333333333","2010-03-08"
"259","259","51","51","51","9","1","15","1","4.63157894736842","2","2.33333333333333","1","40244","122","107.541666666667","168","50","0.537708333333333","171.833333333333","111","2010-03-09"
"260","260","25","25","25","46","1","3","2","2.33333333333333","2","11.1818181818182","4","40245","187","137.770833333333","185.5","28","0.688854166666667","173.583333333333","113.166666666667","2010-03-10"
"261","261","38","38","38","24","1","19","1","3.44444444444444","1","7.15384615384615","5","40246","132.5","111.923611111111","167","45","0.559618055555556","179.166666666667","44","2010-03-11"
"262","262","55","55","55","27","1","13","1","2.91666666666667","1","3.7","2","40247","196.5","141.736111111111","178","31","0.708680555555556","198.666666666667","114.583333333333","2010-03-12"
"263","263","43","43","43","47","1","7","1","1.81818181818182","1","7.69230769230769","3","40248","180","139.118055555556","161","32","0.695590277777778","173.083333333333","115.166666666667","2010-03-13"
"264","264","40","40","40","29","1","24","1","4.07692307692308","2","7.1","4","40249","196","134.041666666667","176","36","0.670208333333333","198.75","97","2010-03-14"
"265","265","35","35","35","34","1","9","1","3.125","2","8.41666666666667","5.5","40250","145.5","121.166666666667","161","36","0.605833333333333","135","65.3333333333333","2010-03-15"
"266","266","36","36","36","13","1","24","1","5.36363636363636","2","5.77777777777778","5","40251","187.5","144.611111111111","188","26","0.723055555555556","165.333333333333","48.3333333333333","2010-03-16"
"267","267","40","40","40","27","1","8","1","3.07692307692308","3","7.63636363636364","8","40252","85.5","93.0208333333333","156","66","0.465104166666667","54.5","80.4166666666667","2010-03-17"
"268","268","22","22","22","64","1","4","1","2","1","13.3333333333333","6","40253","0","74.4652777777778","185","85","0.372326388888889","38.6666666666667","144.75","2010-03-18"
"269","269","53","53","53","5","1","24","1","5.5","3.5","2.27777777777778","2","40254","195","174.590277777778","195","6","0.872951388888889","167.083333333333","188.583333333333","2010-03-19"
"270","270","23","23","23","35","1","22","1","11.8","12","7.75","4","40255","196","169.395833333333","195","9","0.846979166666667","188.083333333333","197.333333333333","2010-03-20"
"271","271","31","31","31","55","1","27","1","8.83333333333333","2","8.08333333333333","2","40256","197.5","168.430555555556","187","11","0.842152777777778","191.833333333333","199.75","2010-03-21"
"272","272","35","35","35","34","1","5","1","2.71428571428571","2","9.27272727272727","6","40257","192","156.756944444444","161","11","0.783784722222222","152.916666666667","136.916666666667","2010-03-22"
"273","273","29","29","29","34","1","7","1","2","1","8.18181818181818","3","40258","197","152.694444444444","177","27","0.763472222222222","188.833333333333","80.8333333333333","2010-03-23"
"274","274","45","45","45","45","1","16","1","3.3","2","5.3125","3","40259","30.5","63.4791666666667","76","81","0.317395833333333","105.5","20.9166666666667","2010-03-24"
"275","275","35","35","35","7","1","21","1","8.16666666666667","6","2.66666666666667","1","40260","9.5","53.1319444444444","76.5","88","0.265659722222222","63.5833333333333","37.5","2010-03-25"
"276","276","36","36","36","57","1","5","1","1.77777777777778","1","11.1666666666667","4","40261","197","173.048611111111","195","7","0.865243055555556","141","197.75","2010-03-26"
"277","277","40","40","40","10","1","17","1","4.35714285714286","2.5","3.25","3","40262","194","149.951388888889","191","25","0.749756944444444","103.583333333333","99.3333333333333","2010-03-27"
"278","278","33","33","33","68","1","21","1","4.7","2","10.3333333333333","2","40263","153.5","120.347222222222","169","41","0.601736111111111","193.416666666667","36.3333333333333","2010-03-28"
"279","279","34","34","34","6","1","29","1","8.5","2.5","2","2","40264","197.5","152.513888888889","191","20","0.762569444444444","193.666666666667","146.833333333333","2010-03-29"
"280","280","17","17","17","44","1","32","1","13.8333333333333","11","10.8","2","40265","157","116.784722222222","156","50","0.583923611111111","130.833333333333","134.5","2010-03-30"
"281","281","18","18","18","13","1","40","1","13.8571428571429","8","5.8","6","40266","190","142.777777777778","182","28","0.713888888888889","199.583333333333","114.5","2010-03-31"
"282","282","14","14","14","56","2","3","3","3","3","25.6666666666667","18.5","40267","113.5","99.1458333333333","165","58","0.495729166666667","81.8333333333333","94.75","2010-04-01"
"283","283","32","32","32","34","2","34","1","6.16666666666667","3","8.8","2","40268","178.5","131.784722222222","155.5","35","0.658923611111111","170.833333333333","98.75","2010-04-02"
"284","284","40","40","40","9","1","17","1","4.72727272727273","2","4.72727272727273","4","40269","199","174.479166666667","193.5","10","0.872395833333333","169.5","50.5","2010-04-03"
"285","285","44","44","44","8","1","16","2","7.7","6","2.13333333333333","2","40270","40","76.8402777777778","138.5","73","0.384201388888889","110.333333333333","26.0833333333333","2010-04-04"
"286","286","38","38","38","67","1","8","1","3.66666666666667","4","8.33333333333333","2","40271","98","97.7013888888889","191","65","0.488506944444444","25.3333333333333","103.333333333333","2010-04-05"
"287","287","46","46","46","11","1","8","1","3.8","4","4","3.5","40272","163","113.75","179","53","0.56875","184","115","2010-04-06"
"288","288","19","19","19","60","1","20","3","6.8","4","21.3333333333333","14","40273","193.5","151.3125","185","19","0.7565625","187.916666666667","199.333333333333","2010-04-07"
"289","289","37","37","37","14","1","16","1","4.8","3.5","4.91666666666667","4.5","40274","196","169.340277777778","192.5","12","0.846701388888889","66.5833333333333","174.333333333333","2010-04-08"
"290","290","36","36","36","41","1","7","1","2.66666666666667","2","7.63636363636364","5","40275","187","136.916666666667","176.5","33","0.684583333333333","121.666666666667","72.0833333333333","2010-04-09"
"291","291","30","30","30","13","1","21","1","11.1428571428571","11","4.2","3","40276","1.5","50.0833333333333","87","98","0.250416666666667","3.5","32","2010-04-10"
"292","292","26","26","26","51","1","50","1","10","2","9.125","2","40277","198","163.284722222222","196","16","0.816423611111111","153.75","191.25","2010-04-11"
"293","293","49","49","49","13","1","10","1","3.1875","1.5","3.83333333333333","3.5","40278","89.5","92.9791666666667","114.5","60","0.464895833333333","57.5","112.25","2010-04-12"
"294","294","46","46","46","11","1","13","1","3.88888888888889","2","5","4","40279","136.5","114.923611111111","118.5","48","0.574618055555556","57.1666666666667","110.75","2010-04-13"
"295","295","24","24","24","43","1","17","1","5.8","4","12.8888888888889","6","40280","36.5","75.6666666666667","129","76","0.378333333333333","81.4166666666667","149","2010-04-14"
"296","296","50","50","50","5","1","13","1","4.4375","3.5","2.18181818181818","1","40281","0","66.5208333333333","177","92","0.332604166666667","13.25","99.6666666666667","2010-04-15"
"297","297","33","33","33","20","1","38","1","6.33333333333333","2","6.63636363636364","4","40282","0","57.0625","156.5","97","0.2853125","0","116.916666666667","2010-04-16"
"298","298","37","37","37","32","1","19","1","7","5","5.66666666666667","1.5","40283","199","183.888888888889","197","6","0.919444444444444","196.416666666667","192.333333333333","2010-04-17"
"299","299","12","12","12","30","30","61","2","15.3333333333333","7","30","30","40284","137","111.5","150","54","0.5575","198","99.75","2010-04-18"
"300","300","31","31","31","39","1","4","1","2","1.5","10.9","6","40285","64.5","87.3611111111111","160.5","63","0.436805555555556","104.333333333333","0.833333333333333","2010-04-19"
"301","301","30","30","30","59","1","10","2","4.1","3","13.4285714285714","5","40286","4.5","65.0555555555556","125","84","0.325277777777778","96.75","21.9166666666667","2010-04-20"
